Title,Published At,Description,Cleaned_Title,Cleaned_Description
ExxonMobil (XOM) Reveals Hammerhead Project Development Plan,2024-07-16T13:11:00Z,ExxonMobil's (XOM) development plan for Hammerhead involves drilling up to 30 wells. The company plans to use a Very Large Crude Carrier conversion facility ...,exxonmobil xom reveals hammerhead project development plan,exxonmobils xom development plan hammerhead involves drilling 30 well company plan use large crude carrier conversion facility
Tesla robotaxi won't be ready for scale until 2030: Analyst,2024-07-12T15:19:12Z,Tesla (TSLA) shares are trading higher on Friday despite a Bloomberg report indicating a two-month delay in unveiling the company's highly anticipated...,tesla robotaxi wont ready scale 2030 analyst,tesla tsla share trading higher friday despite bloomberg report indicating twomonth delay unveiling company highly anticipated
"Tesla is building a robotaxi, but there's a hidden cost",2024-07-20T12:00:40Z,"Tesla (TSLA) will report its latest quarterly report on Tuesday, July 23 after the closing bell with investors patiently awaiting any news on its robotaxi...",tesla building robotaxi there hidden cost,tesla tsla report latest quarterly report tuesday july 23 closing bell investor patiently awaiting news robotaxi
Cathie Wood says she wouldn't have sold Nvidia stake 'had we known that the market was going to reward it',2024-07-15T07:32:21Z,"Cathie Wood's investment fund, Ark Invest sold at least $4.5 million worth of Nvidia stock this year, per The Wall Street Journal.",cathie wood say wouldnt sold nvidia stake known market going reward,cathie wood investment fund ark invest sold least 45 million worth nvidia stock year per wall street journal
TD Cowen raises AAPL target to $250 on AI and China sales,2024-07-29T11:01:32Z,"Investment analyst firm TD Cowen predicts that Apple Intelligence will bring a modest boost to the iPhone 16 range, but be much more significant in 2025, by when China sales are expected to have returned to growth.Render of the iPhone 16 rangeAhead of Apple's…",td cowen raise aapl target 250 ai china sale,investment analyst firm td cowen predicts apple intelligence bring modest boost iphone 16 range much significant 2025 china sale expected returned growthrender iphone 16 rangeahead apples…
Cathie Wood is buying the dip with CrowdStrike,2024-07-23T05:31:29Z,"According to Barron's, two of Wood's exchange-traded funds bought nearly $12 million of CrowdStrike stock after last week's global tech outage.",cathie wood buying dip crowdstrike,according barrons two wood exchangetraded fund bought nearly 12 million crowdstrike stock last week global tech outage
Apple (APPL) Third Quarter Earnings: When is it and what can we expect?,2024-07-31T10:52:08Z,"Apple will report its third-quarter earnings for the fiscal year this week and investors will be the world’s most valuable… Continue reading Apple (APPL) Third Quarter Earnings: When is it and what can we expect?
The post Apple (APPL) Third Quarter Earnings: …",apple appl third quarter earnings expect,apple report thirdquarter earnings fiscal year week investor world ’ valuable… continue reading apple appl third quarter earnings expect post apple appl third quarter earnings …
Tesla keeps touting self-driving but one analyst's near-crash shows it's 'not even close' to autonomy,2024-07-30T16:39:27Z,"A Truist Analyst tested Tesla's FSD and said he had to make three interventions, one of which would have led to a ""certain accident.""",tesla keep touting selfdriving one analyst nearcrash show even close autonomy,truist analyst tested tesla fsd said make three intervention one would led certain accident
Is Chevron A Better Integrated Oil Major Pick Over Exxon Mobil?,2024-07-18T09:00:00Z,We believe that Chevron Corporation (NYSE: CVX) is a better pick than its industry peer. Exxon Mobil (NYSE: XOM). CVX stock trades at a slightly higher multiple of 1.5x..,chevron better integrated oil major pick exxon mobil,believe chevron corporation nyse cvx better pick industry peer exxon mobil nyse xom cvx stock trade slightly higher multiple 15x
"Market Clubhouse Morning Memo - July 31st, 2024 (Trade Strategy For SPY, QQQ, AAPL, MSFT, NVDA, GOOGL, META And TSLA)",2024-07-31T14:23:54Z,"Good Morning Traders! In today's Market Clubhouse Morning Memo, we will discuss SPY, QQQ, AAPL, MSFT, NVDA, GOOGL, META, and TSLA.
Our proprietary formula, exclusive to Market Clubhouse, dictates these price levels. This dynamic equation takes into account pr…",market clubhouse morning memo july 31st 2024 trade strategy spy qqq aapl msft nvda googl meta tsla,good morning trader today market clubhouse morning memo discus spy qqq aapl msft nvda googl meta tsla proprietary formula exclusive market clubhouse dictate price level dynamic equation take account pr…
Rotation To Small-Cap From Tech Stocks Continues,2024-07-28T09:22:42Z,"Earnings season kicks off its busiest week, with four Magnificent 7 technology stocks. In addition, the Fed meeting and the monthly jobs report provide crucial data.",rotation smallcap tech stock continues,earnings season kick busiest week four magnificent 7 technology stock addition fed meeting monthly job report provide crucial data
Easing Inflation Ignites Fed Expectations And Small-Cap Stocks,2024-07-14T11:00:00Z,"While earnings season has begun well, inflation was primarily responsible for the broad rally. Earnings, retail sales, and Fedspeak will be the focal points this week.",easing inflation ignites fed expectation smallcap stock,earnings season begun well inflation primarily responsible broad rally earnings retail sale fedspeak focal point week
"JPMorgan Stock Is Up 21% YTD, What To Expect From Q2 Results?",2024-07-10T10:00:44Z,"JPMorgan (NYSE: JPM) stock has gained 21% YTD, as compared to the 17% rise in the S&P500 index. Notably, JPMorgan’s peer Citigroup (NYSE: C) is up 22% YTD.",jpmorgan stock 21 ytd expect q2 result,jpmorgan nyse jpm stock gained 21 ytd compared 17 rise sp500 index notably jpmorgan ’ peer citigroup nyse c 22 ytd
Will Pfizer Stock Post A Downbeat Q2?,2024-07-26T14:00:30Z,"The company is likely to see higher sales, led by an uptick in Eliquis and Prevnar sales. However, we think that the top-line may fall short of analyst expectations..",pfizer stock post downbeat q2,company likely see higher sale led uptick eliquis prevnar sale however think topline may fall short analyst expectation
1JPM: A Maven/Gradle alternative in a single Java file,2024-07-08T15:45:40Z,"1 Java Project Manager, is a Maven/Gradle alternative with a twist. Its a single Java file itself, which should be edited by you to configure your project. - Osiris-Team/1JPM",1jpm mavengradle alternative single java file,1 java project manager mavengradle alternative twist single java file edited configure project osiristeam1jpm
Pfizer Vs. Eli Lilly Stock – Which Is A Better Pick?,2024-07-11T13:30:50Z,"We believe that Eli Lilly stock (NYSE: LLY) is currently a better pick than its industry peer – Pfizer stock, given its better prospects.",pfizer v eli lilly stock – better pick,believe eli lilly stock nyse lly currently better pick industry peer – pfizer stock given better prospect
10 to 15% of portfolio should be in SMID caps: BMO's Belski,2024-07-23T14:13:54Z,"US equities (^GSPC, ^DJI, ^IXIC) waver in pre-market hours as the market patiently awaits Big Tech earnings reports out from Alphabet (GOOG, GOOGL) and Tesla...",10 15 portfolio smid cap bmos belski,u equity gspc dji ixic waver premarket hour market patiently awaits big tech earnings report alphabet goog googl tesla
Technology Stocks Sink Despite Better Earnings,2024-07-21T11:00:00Z,The 2nd busiest week of earnings includes Magnificent 7 companies and 2Q GDP. The rise of small-caps and banks illustrates the expectations of rate cuts and no recession.,technology stock sink despite better earnings,2nd busiest week earnings includes magnificent 7 company 2q gdp rise smallcaps bank illustrates expectation rate cut recession
Technical Assessment: Bullish in the Intermediate-Term,2024-07-03T11:06:57Z,"Find the latest KLA Corporation (KLAC) stock forecast based on top analyst's estimates, plus more investing and trading data from Yahoo Finance",technical assessment bullish intermediateterm,find latest kla corporation klac stock forecast based top analyst estimate plus investing trading data yahoo finance
Tesla’s Energy Business Grew 2x In Q2. What’s Next?,2024-07-25T11:00:00Z,"Tesla published a mixed set of Q2 2024 results on July 23, with automotive revenue declining by close to 7% year-over-year and earnings declining by 42%",tesla ’ energy business grew 2x q2 ’ next,tesla published mixed set q2 2024 result july 23 automotive revenue declining close 7 yearoveryear earnings declining 42
The Magnificent Seven Stocks Suffer Their Worst Market Cap Loss In Two Years,2024-07-18T12:27:33Z,The seven titans have lost $1.13 trillion in market cap in 5 days.,magnificent seven stock suffer worst market cap loss two year,seven titan lost 113 trillion market cap 5 day
"After 50% Move Last Month, Where Is Tesla Stock Headed Post Q2 Earnings?",2024-07-11T10:30:32Z,"Tesla is expected to publish its Q2 2024 results on July 23, reporting on a quarter that saw the company deliver 443,956 vehicles. While the numbers were ahead of..",50 move last month tesla stock headed post q2 earnings,tesla expected publish q2 2024 result july 23 reporting quarter saw company deliver 443956 vehicle number ahead
Tesla Stock Roars Back As Some Analysts Buy Into Full Self-Driving Hype,2024-07-29T16:02:46Z,"“Tesla may have solved the self-driving puzzle, don’t roll your eyes, buy TSLA,” said one analyst.",tesla stock roar back analyst buy full selfdriving hype,“ tesla may solved selfdriving puzzle ’ roll eye buy tsla ” said one analyst
R Dygraphs: How To Visualize Time Series Data In R And R Shiny,2024-07-02T07:00:03Z,"When it comes to finding an R package capable of making interactive visualizations out of the box while also working flawlessly with R Shiny, you don’t have that many options. Sure, there’s Highcarts, but what if you’re looking for something more specialized …",r dygraphs visualize time series data r r shiny,come finding r package capable making interactive visualization box also working flawlessly r shiny ’ many option sure ’ highcarts ’ looking something specialized …
Will Apple’s Q3 Results Get An AI Bump?,2024-07-22T10:30:00Z,"Apple is expected to publish its Q3 FY’24 results on August 1, reporting on a quarter that is likely to see the company’s business improve, driven by higher Mac, services",apple ’ q3 result get ai bump,apple expected publish q3 fy ’ 24 result august 1 reporting quarter likely see company ’ business improve driven higher mac service
What’s Happening With Chevron’s Stock?,2024-07-10T14:00:35Z,"Almost flat year-to-date, at the current price of around $154 per share, we believe Chevron Corporation (NYSE: CVX), a company manufacturing and selling a range of..",’ happening chevron ’ stock,almost flat yeartodate current price around 154 per share believe chevron corporation nyse cvx company manufacturing selling range
Tesla Stock Earnings Preview: Is It A Buy Now Or Later?,2024-07-17T15:56:01Z,Tesla’s latest earnings report is coming out soon. We review if TSLA stock is a buy now or later and what investors should watch for ahead of earnings.,tesla stock earnings preview buy later,tesla ’ latest earnings report coming soon review tsla stock buy later investor watch ahead earnings
"Tesla stock rises again, extending monster 40% rally over the past month",2024-07-05T15:57:00Z,"Filed under:
 Earnings/Financials,Green,Tesla,Electric
 Continue reading Tesla stock rises again, extending monster 40% rally over the past month
Tesla stock rises again, extending monster 40% rally over the past month originally appeared on Autoblog on Fri, …",tesla stock rise extending monster 40 rally past month,filed earningsfinancialsgreenteslaelectric continue reading tesla stock rise extending monster 40 rally past month tesla stock rise extending monster 40 rally past month originally appeared autoblog fri …
"Tesla’s Q2 Deliveries Strong, But What’s To Come?",2024-07-12T01:48:46Z,"After being one of the lowest performing Mag 7 stocks, Tesla stock saw rapid gains, up 42% in a 1 month rally. We assess what's next after TSLA beat Q2 delivery estimates.",tesla ’ q2 delivery strong ’ come,one lowest performing mag 7 stock tesla stock saw rapid gain 42 1 month rally ass whats next tsla beat q2 delivery estimate
Credit Card Charge-Offs Rose in the First Half of 2024. Is JPMorgan Chase Bracing for a Recession?,2024-07-19T11:16:56Z,"For the 10th consecutive quarter, charge-offs for credit cards at JPMorgan Chase (NYSE: JPM) rose, indicating that increasing numbers of people are struggling to keep up with their growing debt. In the second quarter, the largest bank in the U.S. charged off …",credit card chargeoffs rose first half 2024 jpmorgan chase bracing recession,10th consecutive quarter chargeoffs credit card jpmorgan chase nyse jpm rose indicating increasing number people struggling keep growing debt second quarter largest bank u charged …
"Capital One Stock Is Trailing S&P500 By 8% YTD, What To Expect?",2024-07-02T13:00:11Z,"Amid the current financial backdrop, COF stock has shown strong gains of 40% from levels of $100 in early January 2021 to around $140 now, vs. an increase of about..",capital one stock trailing sp500 8 ytd expect,amid current financial backdrop cof stock shown strong gain 40 level 100 early january 2021 around 140 v increase
Steve Jobs net worth: How rich could he have been?,2024-07-13T23:35:42Z,"In 1997, Apple ( (AAPL) ) launched its “Think Different” advertising campaign, celebrating the misfits, rebels, and revolutionaries whose unique ideas changed the world. 
The popular campaign, which sparked Apple’s massive, multi-billion-dollar turnaround, fe…",steve job net worth rich could,1997 apple aapl launched “ think different ” advertising campaign celebrating misfit rebel revolutionary whose unique idea changed world popular campaign sparked apple ’ massive multibilliondollar turnaround fe…
"BlackRock Is Trailing S&P500 By 13% YTD, Is There Room For Growth?",2024-07-25T12:00:00Z,"BlackRock’s stock (NYSE: BLK) has gained roughly 4% YTD as compared to the 17% rise in the S&P500 index over the same period. In sharp contrast, BlackRock’s peer..",blackrock trailing sp500 13 ytd room growth,blackrock ’ stock nyse blk gained roughly 4 ytd compared 17 rise sp500 index period sharp contrast blackrock ’ peer
Should You Expect Upside Potential For Pfizer (PFE)?,2024-07-01T12:13:20Z,,expect upside potential pfizer pfe,
BNY Mellon Stock Is Up 16% YTD; Is There Room For More Growth?,2024-07-08T10:00:07Z,"BNY Mellon stock (NYSE: BK) has gained 16% YTD which is at par with the S&P500 index over the same period. In comparison, BNY Mellon’s peer BlackRock (NYSE: BLK) is up..",bny mellon stock 16 ytd room growth,bny mellon stock nyse bk gained 16 ytd par sp500 index period comparison bny mellon ’ peer blackrock nyse blk
Travelers Stock Was Down 8% In A Day. Why?,2024-07-23T12:00:00Z,"Travelers’ price fell after TRV announced second quarter results, where revenues and premiums missed the street estimates, despite posting a year-on-year growth.",traveler stock 8 day,traveler ’ price fell trv announced second quarter result revenue premium missed street estimate despite posting yearonyear growth
2 Energy Stocks to Avoid in July Amid Oil Rally,2024-07-01T19:20:09Z,"Oil has been hot lately, but XOM and MRO warrant caution",2 energy stock avoid july amid oil rally,oil hot lately xom mro warrant caution
Should You Pick Corning Stock After 40% Gains This Year Amid AI Boost?,2024-07-10T11:00:51Z,"Corning stock (NYSE: GLW) saw a 10% rise over the last five days, faring better than its peer — General Electric stock – up 2%. The rise in GLW stock this..",pick corning stock 40 gain year amid ai boost,corning stock nyse glw saw 10 rise last five day faring better peer — general electric stock – 2 rise glw stock
Tesla And Nvidia Investors Dangerously Delude Themselves,2024-07-12T12:00:36Z,Stock prices anticipate the future. But such wishful thinking is reaching some extreme levels.,tesla nvidia investor dangerously delude,stock price anticipate future wishful thinking reaching extreme level
Will AI’s Tough Economics Pop Nvidia’s Bubble?,2024-07-30T11:00:00Z,Nvidia has a lot going for it as companies are looking to shift their sizable installed base of traditional data centers to accelerated computing using graphics..,ai ’ tough economics pop nvidia ’ bubble,nvidia lot going company looking shift sizable installed base traditional data center accelerated computing using graphic
"Tesla Rival BYD's EV Sales Jump 21% In Q2: Details - Tesla (NASDAQ:TSLA), BYD (OTC:BYDDY)",2024-07-03T12:28:11Z,"Chinese electric vehicle manufacturer BYD Company BYDDY reported a 21% increase in electric vehicle sales for the second quarter.
BYD sold 426,039 EVs from April to June, approximately 12,000 units fewer than Tesla, Inc‘s TSLA estimated deliveries, reported R…",tesla rival byds ev sale jump 21 q2 detail tesla nasdaqtsla byd otcbyddy,chinese electric vehicle manufacturer byd company byddy reported 21 increase electric vehicle sale second quarter byd sold 426039 ev april june approximately 12000 unit fewer tesla inc ‘ tsla estimated delivery reported r…
What to Expect From Apple's Quarterly Earnings Report This Week,2024-07-31T15:38:58Z,"Apple will report its earnings results for the third quarter of its 2024 fiscal year on Thursday, August 1 at 1:30 p.m. Pacific Time. Apple's CEO Tim Cook and CFO Luca Maestri will discuss the results on a conference call with analysts a half hour later.




…",expect apple quarterly earnings report week,apple report earnings result third quarter 2024 fiscal year thursday august 1 130 pm pacific time apple ceo tim cook cfo luca maestro discus result conference call analyst half hour later …
Pfizer And Roche Advance On Their Weight Loss Drug Journeys,2024-07-17T14:48:52Z,"After previously discounting a twice-daily version of its weight loss drug due to patients having difficulties tolerating it, Pfizer Inc (NYSE: PFE) moved...",pfizer roche advance weight loss drug journey,previously discounting twicedaily version weight loss drug due patient difficulty tolerating pfizer inc nyse pfe moved
Tesla stock gets a logical synopsis from Jim Cramer,2024-07-30T18:33:42Z,"Tesla stock (NASDAQ: TSLA) got a logical synopsis from analyst and television personality Jim Cramer, who said the company should not be regarded as an automaker but as something else entirely.
Tesla shares are widely analyzed by Wall Street based on its perf…",tesla stock get logical synopsis jim cramer,tesla stock nasdaq tsla got logical synopsis analyst television personality jim cramer said company regarded automaker something else entirely tesla share widely analyzed wall street based perf…
Dow Jones Futures Rise On Hot Inflation Data; Tesla Stock Downgraded To Sell,2024-07-12T13:15:07Z,"Tesla was downgraded to sell, while Citigroup and JPMorgan are earnings movers.",dow jones future rise hot inflation data tesla stock downgraded sell,tesla downgraded sell citigroup jpmorgan earnings mover
Tesla stock on track for tenth consecutive day of gains as investors eye growth potential,2024-07-09T17:10:05Z,"Tesla's stock (TSLA) was on track for its tenth straight day of gains Tuesday as shares bounced about 4% higher in mid-afternoon trading.
The positive moves mean Tesla has erased all of its year-to-date losses with the stock up about 5% since the start of the…",tesla stock track tenth consecutive day gain investor eye growth potential,tesla stock tsla track tenth straight day gain tuesday share bounced 4 higher midafternoon trading positive move mean tesla erased yeartodate loss stock 5 since start the…
"Automakers' share of China NEV market in Jun: BYD tops with 32.7%, Tesla 3rd with 6.9%",2024-07-10T10:05:12Z,"BYD (HKG: 1211, OTCMKTS: BYDDY) continued to have the largest share of China's new energy vehicle (NEV) market last month, while Tesla (NASDAQ: TSLA) stayed in third place with the same share as in May.
BYD sold 280,095 passenger NEVs at retail in China in Ju…",automaker share china nev market jun byd top 327 tesla 3rd 69,byd hkg 1211 otcmkts byddy continued largest share china new energy vehicle nev market last month tesla nasdaq tsla stayed third place share may byd sold 280095 passenger nevs retail china ju…
The bare minimum is working wonders for Elon Musk,2024-07-04T13:57:58Z,"Despite the rhetoric displayed by figurehead Elon Musk during an earnings call just a few months ago, Tesla (TSLA) is still a car company. 
In the midst of yearning for a future stemming from robotics, artificial intelligence, and robotaxis, the latest produc…",bare minimum working wonder elon musk,despite rhetoric displayed figurehead elon musk earnings call month ago tesla tsla still car company midst yearning future stemming robotics artificial intelligence robotaxis latest produc…
Analysts race to reset Tesla stock price targets after earnings,2024-07-24T11:56:33Z,"Tesla shares slumped lower in early Wednesday trading as analysts moved quickly to revisit their ratings and price targets on the carmaker following a disappointing second quarter earnings report. 
Tesla (TSLA) , which had rallied nearly 25% since reporting a…",analyst race reset tesla stock price target earnings,tesla share slumped lower early wednesday trading analyst moved quickly revisit rating price target carmaker following disappointing second quarter earnings report tesla tsla rallied nearly 25 since reporting a…
Apple shares hit new all-time intraday and closing highs,2024-07-03T17:40:29Z,"In Nasdaq trading today, shares of Apple Inc. rose to hit new all-time intraday and closing highs. Apple’s all-time intraday high was set on…
The post Apple shares hit new all-time intraday and closing highs appeared first on MacDailyNews.",apple share hit new alltime intraday closing high,nasdaq trading today share apple inc rose hit new alltime intraday closing high apple ’ alltime intraday high set on… post apple share hit new alltime intraday closing high appeared first macdailynews
"JPMorgan Beats Earnings Views, Wells Fargo Falls On Forecast, Citi To Report",2024-07-12T11:28:01Z,"Wells Fargo, just below a buy point, also reports Friday morning.",jpmorgan beat earnings view well fargo fall forecast citi report,well fargo buy point also report friday morning
Apple shares hit new all-time intraday and closing highs,2024-07-02T20:18:58Z,"In Nasdaq trading today, shares of Apple Inc. rose to hit new all-time intraday and closing highs. Apple’s all-time intraday high was set on…
The post Apple shares hit new all-time intraday and closing highs appeared first on MacDailyNews.",apple share hit new alltime intraday closing high,nasdaq trading today share apple inc rose hit new alltime intraday closing high apple ’ alltime intraday high set on… post apple share hit new alltime intraday closing high appeared first macdailynews
Prediction: 3 Stocks That Will Be Worth More Than Apple 3 Years From Now,2024-07-14T23:38:09Z,"Apple (AAPL 1.30%) recently became the world's most valuable company again with a market cap of $3.57 billion. Its stock rallied more than 60% over the past three years, even as iPhone sales cooled off amid tougher macro and competitive headwinds.
From fiscal…",prediction 3 stock worth apple 3 year,apple aapl 130 recently became world valuable company market cap 357 billion stock rallied 60 past three year even iphone sale cooled amid tougher macro competitive headwind fiscal…
"Tesla, Alphabet, Nvidia, AT&T, Visa, Texas Instruments, Enphase, and More Movers",2024-07-24T12:51:11Z,"Tesla, Alphabet, Nvidia, AT&T, Visa, Texas Instruments, Enphase, and More Movers Barron's
Stocks making the biggest moves premarket: Alphabet, Tesla, Texas Instruments, Meta Platforms and more CNBC
Biggest stock movers today: TSLA, V, DB, and more (NASDAQ:ENP…",tesla alphabet nvidia att visa texas instrument enphase mover,tesla alphabet nvidia att visa texas instrument enphase mover barrons stock making biggest move premarket alphabet tesla texas instrument meta platform cnbc biggest stock mover today tsla v db nasdaqenp…
BYD Has Its Eyes Set On Conquering Europe,2024-07-09T16:59:02Z,"On Monday, BYD Company Limited (OTC: BYDDY) signed a deal to open a $1 billion electric-vehicle factory in Turkey, directly threatening the dominance of Tesla Inc (NASDAQ: TSLA) in several European markets.
BYD Is Boosting Its Presence In Europe
Although BYD …",byd eye set conquering europe,monday byd company limited otc byddy signed deal open 1 billion electricvehicle factory turkey directly threatening dominance tesla inc nasdaq tsla several european market byd boosting presence europe although byd …
JPMorgan Chase (JPM) Q2 2024 Earnings Call Transcript,2024-07-12T17:45:18Z,,jpmorgan chase jpm q2 2024 earnings call transcript,
Apple shares hit new all-time intraday and closing highs,2024-07-09T20:15:51Z,"In Nasdaq trading today, shares of Apple Inc. rose to hit new all-time intraday and closing highs. Apple’s all-time intraday high was set on…
The post Apple shares hit new all-time intraday and closing highs appeared first on MacDailyNews.",apple share hit new alltime intraday closing high,nasdaq trading today share apple inc rose hit new alltime intraday closing high apple ’ alltime intraday high set on… post apple share hit new alltime intraday closing high appeared first macdailynews
Apple shares hit new all-time closing high,2024-07-16T20:11:02Z,"In Nasdaq trading today, shares of Apple Inc. rose to hit a new all-time closing high. Apple’s all-time intraday high was set on…
The post Apple shares hit new all-time closing high appeared first on MacDailyNews.",apple share hit new alltime closing high,nasdaq trading today share apple inc rose hit new alltime closing high apple ’ alltime intraday high set on… post apple share hit new alltime closing high appeared first macdailynews
Exxon Mobil Corporation (XOM): Why Is It One of the Best Dividend Stocks to Buy?,2024-07-16T20:48:39Z,,exxon mobil corporation xom one best dividend stock buy,
"Stock market news today: Stocks waver in wait for key earnings, Fed meeting kickoff",2024-07-30T14:16:15Z,A packed day of earnings and the start of the Fed's July meeting continue a potentially pivotal week for stocks.,stock market news today stock waver wait key earnings fed meeting kickoff,packed day earnings start fed july meeting continue potentially pivotal week stock
Apple (AAPL) Traded Higher After Its AI Strategy Announcement,2024-07-18T06:19:41Z,,apple aapl traded higher ai strategy announcement,
Apple shares hit new all-time intraday and closing highs,2024-07-15T20:10:45Z,"In Nasdaq trading today, shares of Apple Inc. rose to hit new all-time intraday and closing highs. Apple’s all-time intraday high was set on…
The post Apple shares hit new all-time intraday and closing highs appeared first on MacDailyNews.",apple share hit new alltime intraday closing high,nasdaq trading today share apple inc rose hit new alltime intraday closing high apple ’ alltime intraday high set on… post apple share hit new alltime intraday closing high appeared first macdailynews
Apple shares hit new all-time intraday and closing highs,2024-07-05T20:30:20Z,"In Nasdaq trading today, shares of Apple Inc. rose to hit new all-time intraday and closing highs. Apple’s all-time intraday high was set on…
The post Apple shares hit new all-time intraday and closing highs appeared first on MacDailyNews.",apple share hit new alltime intraday closing high,nasdaq trading today share apple inc rose hit new alltime intraday closing high apple ’ alltime intraday high set on… post apple share hit new alltime intraday closing high appeared first macdailynews
Apple shares hit new all-time intraday and closing highs,2024-07-08T20:19:18Z,"In Nasdaq trading today, shares of Apple Inc. rose to hit new all-time intraday and closing highs. Apple’s all-time intraday high was set on…
The post Apple shares hit new all-time intraday and closing highs appeared first on MacDailyNews.",apple share hit new alltime intraday closing high,nasdaq trading today share apple inc rose hit new alltime intraday closing high apple ’ alltime intraday high set on… post apple share hit new alltime intraday closing high appeared first macdailynews
Apple shares hit new all-time intraday and closing highs,2024-07-10T20:18:37Z,"In Nasdaq trading today, shares of Apple Inc. rose to hit new all-time intraday and closing highs. Apple’s all-time intraday high was set on…
The post Apple shares hit new all-time intraday and closing highs appeared first on MacDailyNews.",apple share hit new alltime intraday closing high,nasdaq trading today share apple inc rose hit new alltime intraday closing high apple ’ alltime intraday high set on… post apple share hit new alltime intraday closing high appeared first macdailynews
Apple (AAPL) Re-Emerged as a Top Performer in Q2,2024-07-22T07:28:59Z,,apple aapl reemerged top performer q2,
"Stock market news today: S&P 500, Nasdaq drop in wait for key earnings, Fed meeting kicks off",2024-07-30T14:16:15Z,A packed day of earnings and the start of the Fed's July meeting continue a potentially pivotal week for stocks.,stock market news today sp 500 nasdaq drop wait key earnings fed meeting kick,packed day earnings start fed july meeting continue potentially pivotal week stock
"Stock market news today: S&P 500 edges up in wait for key earnings, Fed meeting kickoff",2024-07-30T14:16:15Z,A packed day of earnings and the start of the Fed's July meeting continue a potentially pivotal week for stocks.,stock market news today sp 500 edge wait key earnings fed meeting kickoff,packed day earnings start fed july meeting continue potentially pivotal week stock
"UBS is downgrading Tesla because the stock has risen 'too much, too soon' thanks to its AI ambitions",2024-07-12T13:48:00Z,"Tesla stock is falling after the stock was downgraded by UBS group, which said the shares have risen “too much, too soon,” before any real payoff from the company’s focus on artificial intelligence.Read more...",ubs downgrading tesla stock risen much soon thanks ai ambition,tesla stock falling stock downgraded ubs group said share risen “ much soon ” real payoff company ’ focus artificial intelligenceread
"Halliburton Stock Down 8% This Year, What’s Next?",2024-07-03T14:00:00Z,"After an 8% decline since the beginning of the year, we believe Halliburton stock (NYSE: HAL), has upside potential in the longer run.",halliburton stock 8 year ’ next,8 decline since beginning year believe halliburton stock nyse hal upside potential longer run
"Tesla’s Q2 Deliveries Surprised, But Was Stock’s 10% Rally Justified?",2024-07-05T09:00:52Z,"Tesla posted a better-than-expected set of delivery figures for Q2 2024, selling 443,956 vehicles for the quarter.",tesla ’ q2 delivery surprised stock ’ 10 rally justified,tesla posted betterthanexpected set delivery figure q2 2024 selling 443956 vehicle quarter
Is The Tech Stock Selling Almost Over?,2024-07-28T21:17:00Z,It was a rough week for stocks as the major averages had their largest decline since October 2022. But Tom Aspray's technical outlook  may again differ from the majority.,tech stock selling almost,rough week stock major average largest decline since october 2022 tom asprays technical outlook may differ majority
Tesla (TSLA) Stock Dropped on Missed Analyst Estimates,2024-07-03T15:09:28Z,"Fred Alger Management, an investment management company, released its “Alger Focus Equity Fund” first quarter 2024 investor letter. A copy of the letter can ...",tesla tsla stock dropped missed analyst estimate,fred alger management investment management company released “ alger focus equity fund ” first quarter 2024 investor letter copy letter
Decoding Tesla Inc (TSLA): A Strategic SWOT Insight,2024-07-25T05:03:31Z,"Insightful Analysis of Tesla Inc's Strengths, Weaknesses, Opportunities, and Threats",decoding tesla inc tsla strategic swot insight,insightful analysis tesla inc strength weakness opportunity threat
Nvidia Stock: A Reality Check,2024-07-09T12:00:00Z,Nvidia (NASDAQ: NVDA) stock has seen a 150% plus rally this year led by surging demand for the company’s graphics processing unit for artificial intelligence applications,nvidia stock reality check,nvidia nasdaq nvda stock seen 150 plus rally year led surging demand company ’ graphic processing unit artificial intelligence application
"With The Stock Almost Flat This Year, Will Q2 Results Drive Halliburton’s Stock Higher?",2024-07-18T13:00:00Z,We expect HAL’s stock to trade higher with revenues and earnings beating market expectations in its second quarter.,stock almost flat year q2 result drive halliburton ’ stock higher,expect hal ’ stock trade higher revenue earnings beating market expectation second quarter
Pfizer Inc. (PFE): A Good Undervalued Stock to Buy According to Reddit?,2024-07-22T10:26:53Z,"We recently compiled a list of the 10 Best Undervalued Stocks to Buy According to Reddit. In this article, we are going to take a look at where Pfizer Inc. (...",pfizer inc pfe good undervalued stock buy according reddit,recently compiled list 10 best undervalued stock buy according reddit article going take look pfizer inc
Tesla's Q2 Results Show The EV King Is Under Pressure,2024-07-24T17:17:23Z,"On Tuesday after market close, Tesla Inc (NASDAQ: TSLA) reported its second quarter results, missing earnings expectations.",tesla q2 result show ev king pressure,tuesday market close tesla inc nasdaq tsla reported second quarter result missing earnings expectation
Congress Members Of Both Parties Make A Fortune Trading One Stock,2024-07-11T15:20:27Z,Congresspeople are allowed to trade stocks — and some of their S&P 500 picks do well.,congress member party make fortune trading one stock,congresspeople allowed trade stock — sp 500 pick well
Amazon Stock Gets Pair Of Price Target Increases With Q2 Earnings Due,2024-07-22T14:30:11Z,Despite a recent slump analysts remain bullish on Amazon stock with its second quarter earnings approaching next week.,amazon stock get pair price target increase q2 earnings due,despite recent slump analyst remain bullish amazon stock second quarter earnings approaching next week
Banks Dissapointed Wall Street With Net Interest Income,2024-07-12T21:00:34Z,The earnings season has been offically kicked off by JP Morgan Chase (NYSE: JPM) that reported earnings and revenue well beyond Wall Street estimates. But other big banks also joined in with their second quarter reports.,bank dissapointed wall street net interest income,earnings season offically kicked jp morgan chase nyse jpm reported earnings revenue well beyond wall street estimate big bank also joined second quarter report
"Charles Schwab Stock Is Trailing S&P500 By 8% YTD, What To Expect From Q2 Results?",2024-07-15T16:00:25Z,"Charles Schwab (NYSE: SCHW) stock gained 10% YTD, as compared to an 18% rise in the S&P500 index. In sharp contrast, Charles Schwab’s peer BlackRock (NYSE: BLK) is up..",charles schwab stock trailing sp500 8 ytd expect q2 result,charles schwab nyse schw stock gained 10 ytd compared 18 rise sp500 index sharp contrast charles schwab ’ peer blackrock nyse blk
"Discover Financial Stock Is Beating S&P500 In YTD Returns, What To Expect From Q2 Results?",2024-07-17T12:00:00Z,"Discover Financial (NYSE: DFS) stock gained 22% YTD, as compared to the 18% rise in the S&P500 index. Notably, Discover Financial’s peer American Express (NYSE: AXP) is..",discover financial stock beating sp500 ytd return expect q2 result,discover financial nyse dfs stock gained 22 ytd compared 18 rise sp500 index notably discover financial ’ peer american express nyse axp
"State Street Stock Outperformed The Consensus In Q2, What’s Next?",2024-07-19T10:00:00Z,"Overall, STT stock is currently trading at $85 per share, which is 2% below its fair value of $87 – Trefis’ estimate for State Street’s valuation.",state street stock outperformed consensus q2 ’ next,overall stt stock currently trading 85 per share 2 fair value 87 – trefis ’ estimate state street ’ valuation
Nio’s Deliveries Doubled In June. Why Is The Stock Still Lagging?,2024-07-03T11:00:00Z,"Chinese luxury electric vehicle maker Nio stock, has declined by about 47% year-to-date. This compares to rival Xpeng stock which is down by 29% over the same period.",nio ’ delivery doubled june stock still lagging,chinese luxury electric vehicle maker nio stock declined 47 yeartodate compare rival xpeng stock 29 period
"BNY Mellon Stock Is Up 16% YTD, What To Expect From Q2 Results?",2024-07-11T12:00:26Z,"BNY Mellon (NYSE: BK) stock gained 16% YTD, as compared to the 17% rise in the S&P500 index. In sharp contrast, BNY Mellon’s peer BlackRock (NYSE: BLK) has..",bny mellon stock 16 ytd expect q2 result,bny mellon nyse bk stock gained 16 ytd compared 17 rise sp500 index sharp contrast bny mellon ’ peer blackrock nyse blk
"Intercontinental Exchange Stock Gained 15% YTD, What’s Next?",2024-07-15T10:00:00Z,"Intercontinental Exchange’s stock (NYSE: ICE) has gained roughly 15% YTD, as compared to the 17% rise in the S&P500 over the same period.",intercontinental exchange stock gained 15 ytd ’ next,intercontinental exchange ’ stock nyse ice gained roughly 15 ytd compared 17 rise sp500 period
"Discover Financial Stock Topped The Estimates In Q2, Where Is It Headed?",2024-07-22T11:15:00Z,"Discover Financial stock (NYSE: DFS) has gained 26% YTD, as compared to the 17% rise in the S&P500 over the same period. In sharp contrast, Discover Financial’s peer..",discover financial stock topped estimate q2 headed,discover financial stock nyse dfs gained 26 ytd compared 17 rise sp500 period sharp contrast discover financial ’ peer
"American Express Stock Is Up 33% YTD, What To Expect From Q2 Earnings?",2024-07-18T10:00:00Z,"American Express (NYSE: AXP) stock gained 33% YTD, as compared to the 19% rise in the S&P500 index. In sharp contrast, American Express’ peer Capital One (NYSE: COF)..",american express stock 33 ytd expect q2 earnings,american express nyse axp stock gained 33 ytd compared 19 rise sp500 index sharp contrast american express ’ peer capital one nyse cof
"Net Interest Income Down 9% In Q2, What To Expect From Wells Fargo Stock?",2024-07-17T11:15:00Z,"Wells Fargo’s stock (NYSE: WFC) has lost 17% YTD, as compared to the 18% rise in the S&P500 index over the same period. In sharp contrast, Wells Fargo’s peer..",net interest income 9 q2 expect well fargo stock,well fargo ’ stock nyse wfc lost 17 ytd compared 18 rise sp500 index period sharp contrast well fargo ’ peer
"Down 50% This Year, Will Improving Deliveries Drive Li Auto Stock Higher?",2024-07-03T10:00:00Z,"Things appear to be getting better in the Chinese luxury electric vehicle market. Li Auto  , which is the largest of the emerging EV players in China, delivered 47,774 vehicles for June 2024, an increase of 46.7% compared to last year.",50 year improving delivery drive li auto stock higher,thing appear getting better chinese luxury electric vehicle market li auto largest emerging ev player china delivered 47774 vehicle june 2024 increase 467 compared last year
A Monthly Look At Big Tech,2024-06-30T22:14:37Z,What will big tech do in the 2nd half of the year? The Viper Report’s Tom Aspray shares his unique monthly analysis that guides his outlook.,monthly look big tech,big tech 2nd half year viper report ’ tom aspray share unique monthly analysis guide outlook
Toyota Has Finally Hit The Accelerator On Its EV Journey,2024-07-08T18:38:45Z,"Last week, Toyota Motor (NYSE: TM) revelaed its second quarter deliveries, joining Tesla Inc (NASDAQ: TSLA), General Motors (NYSE: GM) and Ford Motor (NYSE:",toyota finally hit accelerator ev journey,last week toyota motor nyse tm revelaed second quarter delivery joining tesla inc nasdaq tsla general motor nyse gm ford motor nyse
"MU, INTU, DDOG: Which Tech Stock Is the Best Buy on Weakness?",2024-07-26T03:45:27Z,"The tech sector sold off chaotically on Wednesday, the day after Alphabet (GOOGL) and Tesla (TSLA) reported quarters that, while not abysmal, were far from...",mu intu ddog tech stock best buy weakness,tech sector sold chaotically wednesday day alphabet googl tesla tsla reported quarter abysmal far
"Dow Jones Futures Rise Ahead Of Powell Testimony; Netflix, Nvidia Get Price-Target Hikes",2024-07-09T12:15:00Z,Netflix and Nvidia rise on price-target hikes on the stock market today.,dow jones future rise ahead powell testimony netflix nvidia get pricetarget hike,netflix nvidia rise pricetarget hike stock market today
Dow Jones Futures Rise On Jobs Report; Tesla Continues To Rally,2024-07-05T13:02:37Z,"Tesla continues to rally Friday, looking to make it eight straight up days.",dow jones future rise job report tesla continues rally,tesla continues rally friday looking make eight straight day
Dow Jones Futures Fall After Cool CPI Report; Delta Dives On Earnings,2024-07-11T12:58:45Z,Delta Air Lines and PepsiCo are key earnings movers.,dow jones future fall cool cpi report delta dive earnings,delta air line pepsico key earnings mover
F-150 Sales Surge Will Drive Ford’s Q2 Earnings,2024-07-10T09:00:17Z,"Ford stock is expected to publish its Q2 2024 earnings in the next few weeks, reporting on a quarter that is likely to see the company’s sales cool off a bit, amid easing",f150 sale surge drive ford ’ q2 earnings,ford stock expected publish q2 2024 earnings next week reporting quarter likely see company ’ sale cool bit amid easing
"With Its Stock Down 48% This Year, What’s Happening With Xpeng Stock?",2024-07-05T11:00:11Z,"Chinese luxury EV maker Xpeng deliveries for June rose by 24% year-over-year to 10,688 units.",stock 48 year ’ happening xpeng stock,chinese luxury ev maker xpeng delivery june rose 24 yearoveryear 10688 unit
"Up 33% This Year, Would A Change In Washington Derail First Solar Stock’s Rally?",2024-07-12T10:00:00Z,"First Solar stock has had a solid year, rising by about 33% year-to-date. In comparison, Enphase Energy stock, another solar component player, has seen its stock..",33 year would change washington derail first solar stock ’ rally,first solar stock solid year rising 33 yeartodate comparison enphase energy stock another solar component player seen stock
